scenario,rule,severity,subject,value,threshold,at_ms,message
baseline,task_timeout,WARNING,T0021,121000.0,120000,184000,T0021 unfinished after 121000 ms
baseline,task_timeout,WARNING,T0026,121000.0,120000,199000,T0026 unfinished after 121000 ms
baseline,task_timeout,WARNING,T0029,121000.0,120000,208000,T0029 unfinished after 121000 ms
baseline,task_timeout,WARNING,T0031,121000.0,120000,214000,T0031 unfinished after 121000 ms
baseline,task_timeout,WARNING,T0033,121000.0,120000,220000,T0033 unfinished after 121000 ms
baseline,task_timeout,WARNING,T0035,121000.0,120000,226000,T0035 unfinished after 121000 ms
baseline,task_timeout,WARNING,T0036,121000.0,120000,229000,T0036 unfinished after 121000 ms
baseline,task_timeout,WARNING,T0037,121000.0,120000,232000,T0037 unfinished after 121000 ms
baseline,task_timeout,WARNING,T0039,121000.0,120000,238000,T0039 unfinished after 121000 ms
baseline,task_timeout,WARNING,T0041,121000.0,120000,244000,T0041 unfinished after 121000 ms
baseline,task_timeout,WARNING,T0042,121000.0,120000,247000,T0042 unfinished after 121000 ms
baseline,task_timeout,WARNING,T0043,121000.0,120000,250000,T0043 unfinished after 121000 ms
baseline,task_timeout,WARNING,T0044,121000.0,120000,253000,T0044 unfinished after 121000 ms
baseline,task_timeout,WARNING,T0045,121000.0,120000,256000,T0045 unfinished after 121000 ms
baseline,task_timeout,WARNING,T0050,121000.0,120000,271000,T0050 unfinished after 121000 ms
baseline,task_timeout,WARNING,T0021,421000.0,120000,484000,T0021 unfinished after 421000 ms
baseline,task_timeout,WARNING,T0029,421000.0,120000,508000,T0029 unfinished after 421000 ms
baseline,task_timeout,WARNING,T0035,421000.0,120000,526000,T0035 unfinished after 421000 ms
baseline,task_timeout,WARNING,T0036,421000.0,120000,529000,T0036 unfinished after 421000 ms
baseline,task_timeout,WARNING,T0037,421000.0,120000,532000,T0037 unfinished after 421000 ms
baseline,task_timeout,WARNING,T0039,421000.0,120000,538000,T0039 unfinished after 421000 ms
baseline,task_timeout,WARNING,T0041,421000.0,120000,544000,T0041 unfinished after 421000 ms
baseline,task_timeout,WARNING,T0043,421000.0,120000,550000,T0043 unfinished after 421000 ms
baseline,task_timeout,WARNING,T0044,421000.0,120000,553000,T0044 unfinished after 421000 ms
baseline,task_timeout,WARNING,T0050,421000.0,120000,571000,T0050 unfinished after 421000 ms
overload,task_timeout,WARNING,T0006,121000.0,120000,133000,T0006 unfinished after 121000 ms
overload,task_timeout,WARNING,T0008,121000.0,120000,137000,T0008 unfinished after 121000 ms
overload,task_timeout,WARNING,T0009,121000.0,120000,139000,T0009 unfinished after 121000 ms
overload,task_timeout,WARNING,T0010,121000.0,120000,141000,T0010 unfinished after 121000 ms
overload,task_timeout,WARNING,T0011,121000.0,120000,143000,T0011 unfinished after 121000 ms
overload,task_timeout,WARNING,T0012,121000.0,120000,145000,T0012 unfinished after 121000 ms
overload,task_timeout,WARNING,T0013,121000.0,120000,147000,T0013 unfinished after 121000 ms
overload,task_timeout,WARNING,T0014,121000.0,120000,149000,T0014 unfinished after 121000 ms
overload,task_timeout,WARNING,T0017,121000.0,120000,155000,T0017 unfinished after 121000 ms
overload,task_timeout,WARNING,T0018,121000.0,120000,157000,T0018 unfinished after 121000 ms
overload,task_timeout,WARNING,T0019,121000.0,120000,159000,T0019 unfinished after 121000 ms
overload,task_timeout,WARNING,T0020,121000.0,120000,161000,T0020 unfinished after 121000 ms
overload,task_timeout,WARNING,T0021,121000.0,120000,161000,T0021 unfinished after 121000 ms
overload,task_timeout,WARNING,T0023,121000.0,120000,161000,T0023 unfinished after 121000 ms
overload,task_timeout,WARNING,T0024,121000.0,120000,161000,T0024 unfinished after 121000 ms
overload,task_timeout,WARNING,T0025,121000.0,120000,161000,T0025 unfinished after 121000 ms
overload,task_timeout,WARNING,T0026,121000.0,120000,161000,T0026 unfinished after 121000 ms
overload,task_timeout,WARNING,T0027,121000.0,120000,161000,T0027 unfinished after 121000 ms
overload,task_timeout,WARNING,T0028,121000.0,120000,161000,T0028 unfinished after 121000 ms
overload,task_timeout,WARNING,T0030,121000.0,120000,161000,T0030 unfinished after 121000 ms
overload,task_timeout,WARNING,T0032,121000.0,120000,161000,T0032 unfinished after 121000 ms
overload,task_timeout,WARNING,T0033,121000.0,120000,161000,T0033 unfinished after 121000 ms
overload,task_timeout,WARNING,T0034,121000.0,120000,161000,T0034 unfinished after 121000 ms
overload,task_timeout,WARNING,T0035,121000.0,120000,161000,T0035 unfinished after 121000 ms
overload,task_timeout,WARNING,T0036,121000.0,120000,161000,T0036 unfinished after 121000 ms
overload,task_timeout,WARNING,T0037,121000.0,120000,161000,T0037 unfinished after 121000 ms
overload,task_timeout,WARNING,T0038,121000.0,120000,161000,T0038 unfinished after 121000 ms
overload,task_timeout,WARNING,T0039,121000.0,120000,161000,T0039 unfinished after 121000 ms
overload,task_timeout,WARNING,T0040,121000.0,120000,161000,T0040 unfinished after 121000 ms
overload,task_timeout,WARNING,T0041,121000.0,120000,161000,T0041 unfinished after 121000 ms
overload,task_timeout,WARNING,T0042,121000.0,120000,161000,T0042 unfinished after 121000 ms
overload,task_timeout,WARNING,T0043,121000.0,120000,161000,T0043 unfinished after 121000 ms
overload,task_timeout,WARNING,T0044,121000.0,120000,161000,T0044 unfinished after 121000 ms
overload,task_timeout,WARNING,T0045,121000.0,120000,161000,T0045 unfinished after 121000 ms
overload,task_timeout,WARNING,T0047,121000.0,120000,161000,T0047 unfinished after 121000 ms
overload,task_timeout,WARNING,T0048,121000.0,120000,161000,T0048 unfinished after 121000 ms
overload,task_timeout,WARNING,T0049,121000.0,120000,161000,T0049 unfinished after 121000 ms
overload,task_timeout,WARNING,T0050,121000.0,120000,161000,T0050 unfinished after 121000 ms
overload,task_timeout,WARNING,T0051,121000.0,120000,163000,T0051 unfinished after 121000 ms
overload,task_timeout,WARNING,T0052,121000.0,120000,165000,T0052 unfinished after 121000 ms
overload,task_timeout,WARNING,T0054,121000.0,120000,169000,T0054 unfinished after 121000 ms
overload,task_timeout,WARNING,T0055,121000.0,120000,171000,T0055 unfinished after 121000 ms
overload,task_timeout,WARNING,T0056,121000.0,120000,173000,T0056 unfinished after 121000 ms
overload,task_timeout,WARNING,T0057,121000.0,120000,175000,T0057 unfinished after 121000 ms
overload,task_timeout,WARNING,T0058,121000.0,120000,177000,T0058 unfinished after 121000 ms
overload,task_timeout,WARNING,T0059,121000.0,120000,179000,T0059 unfinished after 121000 ms
overload,task_timeout,WARNING,T0060,121000.0,120000,181000,T0060 unfinished after 121000 ms
overload,task_timeout,WARNING,T0061,121000.0,120000,183000,T0061 unfinished after 121000 ms
overload,task_timeout,WARNING,T0062,121000.0,120000,185000,T0062 unfinished after 121000 ms
overload,task_timeout,WARNING,T0063,121000.0,120000,187000,T0063 unfinished after 121000 ms
overload,task_timeout,WARNING,T0064,121000.0,120000,189000,T0064 unfinished after 121000 ms
overload,task_timeout,WARNING,T0065,121000.0,120000,191000,T0065 unfinished after 121000 ms
overload,task_timeout,WARNING,T0066,121000.0,120000,193000,T0066 unfinished after 121000 ms
overload,task_timeout,WARNING,T0067,121000.0,120000,195000,T0067 unfinished after 121000 ms
overload,task_timeout,WARNING,T0068,121000.0,120000,197000,T0068 unfinished after 121000 ms
overload,task_timeout,WARNING,T0069,121000.0,120000,199000,T0069 unfinished after 121000 ms
overload,task_timeout,WARNING,T0070,121000.0,120000,201000,T0070 unfinished after 121000 ms
overload,task_timeout,WARNING,T0006,421000.0,120000,433000,T0006 unfinished after 421000 ms
overload,task_timeout,WARNING,T0008,421000.0,120000,437000,T0008 unfinished after 421000 ms
overload,task_timeout,WARNING,T0009,421000.0,120000,439000,T0009 unfinished after 421000 ms
overload,task_timeout,WARNING,T0010,421000.0,120000,441000,T0010 unfinished after 421000 ms
overload,task_timeout,WARNING,T0011,421000.0,120000,443000,T0011 unfinished after 421000 ms
overload,task_timeout,WARNING,T0012,421000.0,120000,445000,T0012 unfinished after 421000 ms
overload,task_timeout,WARNING,T0013,421000.0,120000,447000,T0013 unfinished after 421000 ms
overload,task_timeout,WARNING,T0014,421000.0,120000,449000,T0014 unfinished after 421000 ms
overload,task_timeout,WARNING,T0017,421000.0,120000,455000,T0017 unfinished after 421000 ms
overload,task_timeout,WARNING,T0019,421000.0,120000,459000,T0019 unfinished after 421000 ms
overload,task_timeout,WARNING,T0020,421000.0,120000,461000,T0020 unfinished after 421000 ms
overload,task_timeout,WARNING,T0021,421000.0,120000,461000,T0021 unfinished after 421000 ms
overload,task_timeout,WARNING,T0023,421000.0,120000,461000,T0023 unfinished after 421000 ms
overload,task_timeout,WARNING,T0024,421000.0,120000,461000,T0024 unfinished after 421000 ms
overload,task_timeout,WARNING,T0025,421000.0,120000,461000,T0025 unfinished after 421000 ms
overload,task_timeout,WARNING,T0026,421000.0,120000,461000,T0026 unfinished after 421000 ms
overload,task_timeout,WARNING,T0027,421000.0,120000,461000,T0027 unfinished after 421000 ms
overload,task_timeout,WARNING,T0028,421000.0,120000,461000,T0028 unfinished after 421000 ms
overload,task_timeout,WARNING,T0030,421000.0,120000,461000,T0030 unfinished after 421000 ms
overload,task_timeout,WARNING,T0032,421000.0,120000,461000,T0032 unfinished after 421000 ms
overload,task_timeout,WARNING,T0033,421000.0,120000,461000,T0033 unfinished after 421000 ms
overload,task_timeout,WARNING,T0034,421000.0,120000,461000,T0034 unfinished after 421000 ms
overload,task_timeout,WARNING,T0035,421000.0,120000,461000,T0035 unfinished after 421000 ms
overload,task_timeout,WARNING,T0036,421000.0,120000,461000,T0036 unfinished after 421000 ms
overload,task_timeout,WARNING,T0037,421000.0,120000,461000,T0037 unfinished after 421000 ms
overload,task_timeout,WARNING,T0038,421000.0,120000,461000,T0038 unfinished after 421000 ms
overload,task_timeout,WARNING,T0039,421000.0,120000,461000,T0039 unfinished after 421000 ms
overload,task_timeout,WARNING,T0040,421000.0,120000,461000,T0040 unfinished after 421000 ms
overload,task_timeout,WARNING,T0041,421000.0,120000,461000,T0041 unfinished after 421000 ms
overload,task_timeout,WARNING,T0042,421000.0,120000,461000,T0042 unfinished after 421000 ms
overload,task_timeout,WARNING,T0043,421000.0,120000,461000,T0043 unfinished after 421000 ms
overload,task_timeout,WARNING,T0044,421000.0,120000,461000,T0044 unfinished after 421000 ms
overload,task_timeout,WARNING,T0045,421000.0,120000,461000,T0045 unfinished after 421000 ms
overload,task_timeout,WARNING,T0047,421000.0,120000,461000,T0047 unfinished after 421000 ms
overload,task_timeout,WARNING,T0048,421000.0,120000,461000,T0048 unfinished after 421000 ms
overload,task_timeout,WARNING,T0050,421000.0,120000,461000,T0050 unfinished after 421000 ms
overload,task_timeout,WARNING,T0051,421000.0,120000,463000,T0051 unfinished after 421000 ms
overload,task_timeout,WARNING,T0052,421000.0,120000,465000,T0052 unfinished after 421000 ms
overload,task_timeout,WARNING,T0054,421000.0,120000,469000,T0054 unfinished after 421000 ms
overload,task_timeout,WARNING,T0056,421000.0,120000,473000,T0056 unfinished after 421000 ms
overload,task_timeout,WARNING,T0057,421000.0,120000,475000,T0057 unfinished after 421000 ms
overload,task_timeout,WARNING,T0058,421000.0,120000,477000,T0058 unfinished after 421000 ms
overload,task_timeout,WARNING,T0059,421000.0,120000,479000,T0059 unfinished after 421000 ms
overload,task_timeout,WARNING,T0060,421000.0,120000,481000,T0060 unfinished after 421000 ms
overload,task_timeout,WARNING,T0062,421000.0,120000,485000,T0062 unfinished after 421000 ms
overload,task_timeout,WARNING,T0063,421000.0,120000,487000,T0063 unfinished after 421000 ms
overload,task_timeout,WARNING,T0064,421000.0,120000,489000,T0064 unfinished after 421000 ms
overload,task_timeout,WARNING,T0065,421000.0,120000,491000,T0065 unfinished after 421000 ms
overload,task_timeout,WARNING,T0066,421000.0,120000,493000,T0066 unfinished after 421000 ms
overload,task_timeout,WARNING,T0067,421000.0,120000,495000,T0067 unfinished after 421000 ms
overload,task_timeout,WARNING,T0069,421000.0,120000,499000,T0069 unfinished after 421000 ms
overload,task_timeout,WARNING,T0012,721000.0,120000,745000,T0012 unfinished after 721000 ms
overload,task_timeout,WARNING,T0019,721000.0,120000,759000,T0019 unfinished after 721000 ms
overload,task_timeout,WARNING,T0028,721000.0,120000,761000,T0028 unfinished after 721000 ms
overload,task_timeout,WARNING,T0037,721000.0,120000,761000,T0037 unfinished after 721000 ms
overload,task_timeout,WARNING,T0038,721000.0,120000,761000,T0038 unfinished after 721000 ms
overload,task_timeout,WARNING,T0041,721000.0,120000,761000,T0041 unfinished after 721000 ms
overload,task_timeout,WARNING,T0042,721000.0,120000,761000,T0042 unfinished after 721000 ms
overload,task_timeout,WARNING,T0044,721000.0,120000,761000,T0044 unfinished after 721000 ms
overload,task_timeout,WARNING,T0051,721000.0,120000,763000,T0051 unfinished after 721000 ms
overload,task_timeout,WARNING,T0054,721000.0,120000,769000,T0054 unfinished after 721000 ms
overload,task_timeout,WARNING,T0057,721000.0,120000,775000,T0057 unfinished after 721000 ms
overload,task_timeout,WARNING,T0058,721000.0,120000,777000,T0058 unfinished after 721000 ms
overload,task_timeout,WARNING,T0059,721000.0,120000,779000,T0059 unfinished after 721000 ms
overload,task_timeout,WARNING,T0062,721000.0,120000,785000,T0062 unfinished after 721000 ms
overload,task_timeout,WARNING,T0066,721000.0,120000,793000,T0066 unfinished after 721000 ms
fault-injection,dead_letter_depth,ERROR,bus,1.0,0,3000,1 message(s) in the dead-letter topic
fault-injection,task_timeout,WARNING,T0004,121000.0,120000,133000,T0004 unfinished after 121000 ms
fault-injection,task_timeout,WARNING,T0011,121000.0,120000,154000,T0011 unfinished after 121000 ms
fault-injection,task_timeout,WARNING,T0012,121000.0,120000,157000,T0012 unfinished after 121000 ms
fault-injection,task_timeout,WARNING,T0015,121000.0,120000,166000,T0015 unfinished after 121000 ms
fault-injection,task_timeout,WARNING,T0017,121000.0,120000,172000,T0017 unfinished after 121000 ms
fault-injection,task_timeout,WARNING,T0024,121000.0,120000,193000,T0024 unfinished after 121000 ms
fault-injection,task_timeout,WARNING,T0026,121000.0,120000,199000,T0026 unfinished after 121000 ms
fault-injection,task_timeout,WARNING,T0027,121000.0,120000,202000,T0027 unfinished after 121000 ms
fault-injection,task_timeout,WARNING,T0028,121000.0,120000,205000,T0028 unfinished after 121000 ms
fault-injection,task_timeout,WARNING,T0032,121000.0,120000,217000,T0032 unfinished after 121000 ms
fault-injection,task_timeout,WARNING,T0033,121000.0,120000,220000,T0033 unfinished after 121000 ms
fault-injection,task_timeout,WARNING,T0034,121000.0,120000,223000,T0034 unfinished after 121000 ms
fault-injection,task_timeout,WARNING,T0037,121000.0,120000,232000,T0037 unfinished after 121000 ms
fault-injection,task_timeout,WARNING,T0038,121000.0,120000,235000,T0038 unfinished after 121000 ms
fault-injection,task_timeout,WARNING,T0039,121000.0,120000,238000,T0039 unfinished after 121000 ms
fault-injection,task_timeout,WARNING,T0040,121000.0,120000,241000,T0040 unfinished after 121000 ms
fault-injection,task_timeout,WARNING,T0041,121000.0,120000,244000,T0041 unfinished after 121000 ms
fault-injection,task_timeout,WARNING,T0042,121000.0,120000,247000,T0042 unfinished after 121000 ms
fault-injection,task_timeout,WARNING,T0044,121000.0,120000,253000,T0044 unfinished after 121000 ms
fault-injection,task_timeout,WARNING,T0046,121000.0,120000,259000,T0046 unfinished after 121000 ms
fault-injection,task_timeout,WARNING,T0047,121000.0,120000,262000,T0047 unfinished after 121000 ms
fault-injection,task_timeout,WARNING,T0049,121000.0,120000,268000,T0049 unfinished after 121000 ms
fault-injection,task_timeout,WARNING,T0011,421000.0,120000,454000,T0011 unfinished after 421000 ms
fault-injection,task_timeout,WARNING,T0024,421000.0,120000,493000,T0024 unfinished after 421000 ms
fault-injection,task_timeout,WARNING,T0027,421000.0,120000,502000,T0027 unfinished after 421000 ms
fault-injection,task_timeout,WARNING,T0032,421000.0,120000,517000,T0032 unfinished after 421000 ms
fault-injection,task_timeout,WARNING,T0033,421000.0,120000,520000,T0033 unfinished after 421000 ms
fault-injection,task_timeout,WARNING,T0037,421000.0,120000,532000,T0037 unfinished after 421000 ms
fault-injection,task_timeout,WARNING,T0042,421000.0,120000,547000,T0042 unfinished after 421000 ms
deadlock,task_timeout,WARNING,T0005,121000.0,120000,131000,T0005 unfinished after 121000 ms
deadlock,task_timeout,WARNING,T0013,121000.0,120000,147000,T0013 unfinished after 121000 ms
deadlock,task_timeout,WARNING,T0015,121000.0,120000,151000,T0015 unfinished after 121000 ms
deadlock,task_timeout,WARNING,T0018,121000.0,120000,157000,T0018 unfinished after 121000 ms
deadlock,task_timeout,WARNING,T0019,121000.0,120000,159000,T0019 unfinished after 121000 ms
deadlock,task_timeout,WARNING,T0022,121000.0,120000,165000,T0022 unfinished after 121000 ms
deadlock,task_timeout,WARNING,T0025,121000.0,120000,171000,T0025 unfinished after 121000 ms
deadlock,task_timeout,WARNING,T0026,121000.0,120000,173000,T0026 unfinished after 121000 ms
deadlock,task_timeout,WARNING,T0028,121000.0,120000,177000,T0028 unfinished after 121000 ms
deadlock,task_timeout,WARNING,T0029,121000.0,120000,179000,T0029 unfinished after 121000 ms
deadlock,task_timeout,WARNING,T0031,121000.0,120000,183000,T0031 unfinished after 121000 ms
deadlock,task_timeout,WARNING,T0032,121000.0,120000,185000,T0032 unfinished after 121000 ms
deadlock,task_timeout,WARNING,T0033,121000.0,120000,187000,T0033 unfinished after 121000 ms
deadlock,task_timeout,WARNING,T0036,121000.0,120000,193000,T0036 unfinished after 121000 ms
deadlock,task_timeout,WARNING,T0037,121000.0,120000,195000,T0037 unfinished after 121000 ms
deadlock,task_timeout,WARNING,T0038,121000.0,120000,197000,T0038 unfinished after 121000 ms
deadlock,task_timeout,WARNING,T0039,121000.0,120000,199000,T0039 unfinished after 121000 ms
deadlock,task_timeout,WARNING,T0040,121000.0,120000,201000,T0040 unfinished after 121000 ms
deadlock,task_timeout,WARNING,T0042,121000.0,120000,205000,T0042 unfinished after 121000 ms
deadlock,task_timeout,WARNING,T0043,121000.0,120000,207000,T0043 unfinished after 121000 ms
deadlock,task_timeout,WARNING,T0044,121000.0,120000,209000,T0044 unfinished after 121000 ms
deadlock,task_timeout,WARNING,T0045,121000.0,120000,211000,T0045 unfinished after 121000 ms
deadlock,task_timeout,WARNING,T0046,121000.0,120000,213000,T0046 unfinished after 121000 ms
deadlock,task_timeout,WARNING,T0047,121000.0,120000,215000,T0047 unfinished after 121000 ms
deadlock,task_timeout,WARNING,T0048,121000.0,120000,217000,T0048 unfinished after 121000 ms
deadlock,task_timeout,WARNING,T0049,121000.0,120000,219000,T0049 unfinished after 121000 ms
deadlock,task_timeout,WARNING,T0050,121000.0,120000,221000,T0050 unfinished after 121000 ms
deadlock,task_timeout,WARNING,T0005,421000.0,120000,431000,T0005 unfinished after 421000 ms
deadlock,task_timeout,WARNING,T0013,421000.0,120000,447000,T0013 unfinished after 421000 ms
deadlock,task_timeout,WARNING,T0015,421000.0,120000,451000,T0015 unfinished after 421000 ms
deadlock,task_timeout,WARNING,T0018,421000.0,120000,457000,T0018 unfinished after 421000 ms
deadlock,task_timeout,WARNING,T0022,421000.0,120000,465000,T0022 unfinished after 421000 ms
deadlock,task_timeout,WARNING,T0029,421000.0,120000,479000,T0029 unfinished after 421000 ms
deadlock,task_timeout,WARNING,T0031,421000.0,120000,483000,T0031 unfinished after 421000 ms
deadlock,task_timeout,WARNING,T0032,421000.0,120000,485000,T0032 unfinished after 421000 ms
deadlock,task_timeout,WARNING,T0033,421000.0,120000,487000,T0033 unfinished after 421000 ms
deadlock,task_timeout,WARNING,T0036,421000.0,120000,493000,T0036 unfinished after 421000 ms
deadlock,task_timeout,WARNING,T0037,421000.0,120000,495000,T0037 unfinished after 421000 ms
deadlock,task_timeout,WARNING,T0038,421000.0,120000,497000,T0038 unfinished after 421000 ms
deadlock,task_timeout,WARNING,T0040,421000.0,120000,501000,T0040 unfinished after 421000 ms
deadlock,task_timeout,WARNING,T0042,421000.0,120000,505000,T0042 unfinished after 421000 ms
deadlock,task_timeout,WARNING,T0043,421000.0,120000,507000,T0043 unfinished after 421000 ms
deadlock,task_timeout,WARNING,T0045,421000.0,120000,511000,T0045 unfinished after 421000 ms
deadlock,task_timeout,WARNING,T0046,421000.0,120000,513000,T0046 unfinished after 421000 ms
deadlock,task_timeout,WARNING,T0048,421000.0,120000,517000,T0048 unfinished after 421000 ms
deadlock,task_timeout,WARNING,T0050,421000.0,120000,521000,T0050 unfinished after 421000 ms
deadlock,task_timeout,WARNING,T0005,721000.0,120000,731000,T0005 unfinished after 721000 ms
deadlock,task_timeout,WARNING,T0032,721000.0,120000,785000,T0032 unfinished after 721000 ms
deadlock,task_timeout,WARNING,T0038,721000.0,120000,797000,T0038 unfinished after 721000 ms
deadlock,task_timeout,WARNING,T0045,721000.0,120000,811000,T0045 unfinished after 721000 ms
deadlock,task_timeout,WARNING,T0048,721000.0,120000,817000,T0048 unfinished after 721000 ms
offline-recovery,vehicle_offline,CRITICAL,AGV-03,6000.0,5000,35000,AGV-03 silent for 6000 ms
offline-recovery,vehicle_offline,CRITICAL,AGV-07,6000.0,5000,65000,AGV-07 silent for 6000 ms
offline-recovery,vehicle_offline,CRITICAL,AGV-01,6000.0,5000,115000,AGV-01 silent for 6000 ms
